"conference","full_name","category","main_discipline","other_disciplines","organization","website"
"AAAI","AAAI Conference on Artificial Intelligence","AI & ML","Artificial Intelligence;Machine Learning","Computer Vision;Data Mining;Natural Language Processing;Planning;Reasoning;Robotics;Searching","AAAI - Association for the Advancement of Artificial Intelligence","https://aaai.org/conference/aaai/"
"ICML","International Conference on Machine Learning","AI & ML","Machine Learning","Deep Learning;Learning Theory;Optimization;Probabilistic Inference;Trustworthy Machine Learning",,"https://icml.cc"
"ICLR","International Conference on Learning Representations","AI & ML","Deep Learning;Machine Learning;Representation Learning","Reinforcement Learning;Unsupervised Learning;Semi-Supervised Learning;Self-Supervised Learning;Generative Models;Graph Neural Networks",,"https://iclr.cc/"
"IJCAI","International Joint Conference on Artificial Intelligence","AI & ML","Artificial Intelligence","Agent;Constraint Satisfaction and Optimization;Game Theory;Knowledge Representation;Planning and Scheduling;Robotics;Search;Uncertainty","IJCAI Organization","https://www.ijcai.org/future_conferences"
"NeurIPS","Conference on Neural Information Processing Systems","AI & ML","Machine Learning;Artificial Intelligence;Neuroscience","Deep Learning;Cognitive Science;Psychology;Information Theory;Optimization;Probabilistic Methods;Reinforcement Learning;Theory","NeurIPS Foundation","https://neurips.cc"
"CVPR","International Conference on Computer Vision and Pattern Recognition","CV","Computer Vision;Pattern Recognition","Image;Video;Object Detection;Segmentation;3D CV;Synthesis;VR;AR;Graphics","IEEE Computer Society, Computer Vision Foundation","https://cvpr.thecvf.com"
"ECCV","European Conference on Computer Vision","CV","Computer Vision","Image;Video;3D CV;Scene Understanding;Motion and Tracking;Recognition;Biomedical","European Computer Vision Association","https://www.ecva.net/index.php"
"ICCV","International Conference on Computer Vision","CV","Computer Vision","Object Recognition and Detection;Image Segmentation;3D Vision;Motion and Tracking;Deep Learning;Scene Understanding;Vision and Language;AR;VR;Multimodal Learning","IEEE Computer Society, Computer Vision Foundation","https://www.thecvf.com/"
"ICDE","IEEE International Conference on Data Engineering","DB","Data Engineering;Data Management;Database","Data Mining;Data Stream;Sensor Networks;Query Language;Data Visualization;Distributed DM;Parallel DM;Graphs;Data Quality","IEEE Computer Society",
"PODS","Symposium on Principles of Database Systems","DB","Database Theory;Management of Data","Query Language;Data Models;Data Integrity;Data Semantics;Database Design","ACM SIGMOD","https://sigmod.org/pods-home/"
"VLDB","International Conference on Very Large Data Bases","DB","Database;Data Management;System","Data Mining;Data Privacy & Security;DB Performance;Distributed DB;Graph;Information Integration;Data Quality;Query Language;Architecture","VLDB Endowment Inc.","https://vldb.org/pvldb"
"ICME","IEEE International Conference on Multimedia and Expo","Multimedia","Multimedia","3D;AR;VR;Communication;Mobility;Networking;Database;Quality Assessment;Security;Multimodal;Image;Video","IEEE CAS, IEEE ComSoc, IEEE CS, IEEE SPS",
"CIKM","ACM International Conference on Information and Knowledge Management","IR","Database;Information Retrieval;Knowledge Management","Data Mining;Integration & Aggregation;Search;Artificial Intelligence;Big Data;Graph;Recommendation","ACM SIGWEB, ACM SIGIR","https://dl.acm.org/conference/cikm"
"SIGMOD","ACM SIGMOD/PODS International Conference on Management of Data ","DB","Database;Data Management;Big Data","Data Science;Cloud Computing and DB;Information Retrieval;Knowledge Management;Data Streams and Sensor Networks","ACM SIGMOD","https://sigmod.org"
"ACM MM","ACM International Conference on Multimedia","Multimedia","Multimedia","MM Content Analysis;MM Interaction;MM Networking;MM Security & Privacy;HCI for MM;ML for MM;MM Data Management","SIGMM","https://dl.acm.org/conference/mm"
"ICDM","IEEE International Conference on Data Mining","DM","Data Mining;Knowledge Discovery","Machine Learning;Artificial Intelligence;Big Data;Statistical Methods;Multimedia;Web;Spatiotemporal;Recommendation","IEEE CS",
"KDD","ACM SIGKDD Conference on Knowledge Discovery and Data Mining","DM","Data Mining;Machine Learning;Knowledge Discovery","Big Data;Artificial Intelligence;Graph;Statistics;Data Science;Information Retrieval","ACM SIGKDD","https://www.kdd.org"
"WSDM","ACM International Conference on Web Search and Data Mining","Web","Web Search;Data Mining","Recommender System;Information Retrieval;Machine Learning;Graph Mining;NLP;Social Network;User Behavior","ACM SIGWEB","https://www.sigweb.org/conferences/acm-sigweb-conferences/wsdm"
"SDM","SIAM International Conference on Data Mining","DM","Data Mining;Knowledge Discovery","Machine Learning;Artificial Intelligence;Statistics;Social Network;Big Data","Society for Industrial and Applied Mathematics (SIAM)","https://www.siam.org"
"ECIR","European Conference on Information Retrieval","IR","Information Retrieval","NLP;Machine Learning;Web & Social Media;Recommender System;Multimedia Retrieval;User Modeling;HCI","British Computer Society, Information Retrieval Specialist Group",
"SIGIR","International ACM SIGIR Conference on Research and Development in Information Retrieval","IR","Information Retrieval","Search & Rank;Search Recommendation;Content Analysis;ML for Search & Recomm.;Humans and Interface;IR Evaluation;FATE in IR","ACM SIGIR","https://sigir.org"
"ICMR","ACM International Conference on Multimedia Retrieval","Multimedia","Multimedia Retrieval","Computer Vision;Search;Recommender System;Web;Social Network;Data Mining;Indexing;Semantic Descriptors;Narrative;Query;NLP;Information Retrieval;HCI;Signal Processing","ACM SIGMM","https://sites.google.com/view/www-acmicmr-org"
"ICWSM","ICWSM: International AAAI Conference on Web and Social Media","Web","Computational Social Science;Social Media;Web Mining","Social Network;HCI;NLP;Data Mining;Information Diffusion;Misinformation","AAAI","https://www.icwsm.org"
"WWW","The ACM Web Conference","Web","Web and all related","Economics;Graph;Search;Security;Semantics and Knowledge;HCI;Social Network;Web Systems;User Modeling;Web Mining;Data Mining;CV;NLP;Information Retrieval;Recommender System;Ranking","Now ACM SIGWEB, former is IW3C2","https://WWW.org"
"CHI","ACM Conference on Human Factors in Computing Systems","HCI","Human-Computer Interaction","UX Design;Cognitive Psychology;Social Computing;Social Network;Interaction Design;Usability;Accessibility;Health;Devices;Visualization","ACM SIGCHI","https://archive.sigchi.org/conferences/conference-history/chi/"
"CSCW","ACM Conference on Computer-Supported Cooperative Work and Social Computing","HCI","Human-Computer Interaction;Social Computing;Computer-Supported Cooperative Work","Crowd Computing;Computing System;HCI Tools;Ethics;Privacy;Sociology;UX Design","ACM CHI","https://archive.sigchi.org/conferences/conference-history/CSCW/"
"UbiComp","ACM International Joint Conference on Pervasive and Ubiquitous Computing","HCI","HCI;Pervasive Computing;Sensor Networks","Mobile Computing;Wearable Computing;Ambient Intelligence;Privacy & Security;Context-aware Computing","ACM SIGCHI","ubicomp.org"
"UIST","ACM Symposium on User Interface Software and Technology","HCI","HCI","Graphical UI;Web UI;Tangible Computing;Ubiquitous Computing;VR;AR;Multimedia;Devices","ACM SIGCHI, ACM SIGGRAPH","https://uist.acm.org"
"INFOCOM","IEEE International Conference on Computer Communications","Network","Network;Communications","Wireless Network;Mobile Network;Network Security;Privacy;Cloud Computing;Edge Computing;IoT;Protocols;Network Architecture","IEEE ComSoc","ieee-infocom.org"
"NSDI","USENIX Symposium on Networked Systems Design and Implementation","Network","Distributed System;Networked System","Operating System Design;Cloud Computing;Storage System;Data Center;Security & Privacy;Performance","USENIX, ACM SIGCOMM, ACM SIGOPS","https://www.usenix.org/conferences/byname/178"
"SIGCOMM","Annual Conference of the ACM SIGCOMM on the Applications, Technologies, Architectures, and Protocols for Computer Communication","Network","Communication;Computer Network","Internet Architecture;Distributed System;Network Security;Network Measurement;Performance;Cloud Computing;Wireless & Mobile","ACM SIGCOMM","https://dl.acm.org/sig/sigcomm"
"MobiCom","International Conference on Mobile Computing and Networking","Mobile","Mobile Computing;Wireless Networking;Networked Systems","IoT;Edge Computing;Cyber-Physical Systems;Security & Privacy;Efficiency","ACM SIGMOBILE","https://www.sigmobile.org/grav/"
"MobiSys","ACM International Conference on Mobile Systems, Applications, and Services","Mobile","Mobile Systems;Mobile Networks;Ubiquitous and Pervasive Computing;Mobile Applications and Services","Mobile Security & Privacy;Energy Efficiency in Mobile Systems;Sensor Networks;IoT;AR & VR;Edge Computing;Cloud Computing","ACM SIGMOBILE","https://www.sigmobile.org/grav/events/conferences/mobisys"
"SenSys","ACM Conference on Embedded Networked Sensor Systems","Mobile","Sensors;Embedded Systems;IoT","Cyber-Physical Systems;Networking;Energy Harvesting;Power Management;Security & Privacy","ACM","https://www.sigmobile.org/grav/events/conferences/sensys"
"ACL","Annual Meeting of the Association for Computational Linguistics","NLP","Natural Language Processing;Computational Linguistics;ML for NLP","Speech and Audio Processing;Multimodal Learning;Information Retrieval;Ethics and Fairness in NLP;HCI for NLP","Association for Computational Linguistics","https://www.aclweb.org/portal/"
"EMNLP","Conference on Empirical Methods in Natural Language Processing","NLP","NLP;Linguistics;ML for NLP","Information Retrieval;Computational Linguistics;AI;Speech Processing;Semantics","Association for Computational Linguistics, ACL SIGDAT","https://sigdat.org"
"NAACL","Annual Conference of the North American Chapter of the Association for Computational Linguistics.","NLP","NLP;Computational Linguistics;ML for NLP","Information Retrieval;Speech and Dialogue Systems;Multimodal Learning;Ethics in NLP;Linguistic Resources & Evaluation","NAACL, ACL","https://naacl.org/conferences/index.html"
"COLT","Annual Conference on Computational Learning Theory.","AI & ML","Theoretical Machine Learning","Statistics;Applied Mathematics;Learning Theory","Association for Computational Learning","https://www.learningtheory.org/"
"AISTATS","International Conference on Artificial Intelligence and Statistics","AI & ML","Artificial Intelligence;Statistics;Machine Learning","ML Methods & Algorithms;Probabilistic Methods;ML Theory & Statistics;Deep Learning;Reinforcement Learning;Ethical & Trustworthy ML;ML Applications & Statistics","Society for Artificial Intelligence and Statistics","https://aistats.org"
"UAI","Conference on Uncertainty in Artificial Intelligence","AI & ML","Knowledge Representation w/ Uncertainty;Learning w/ Uncertainty;Reasoning w/ Uncertainty","ML;Bayesian Inference;Probabilistic Graphical Models;Causal Inference;Decision Theory;RL;Information Theory;Computational Neuroscience","<a href='https://www.auai.org/' target='_blank'>The Association for Uncertainty in Artificial Intelligence</a>","https://www.auai.org/"
"ASPLOS","ACM International Conference on Architectural Support for Programming Languages and Operating Systems","Arch","Computer Architecture;Operating Systems;Programming Language & Compilers","Security & Privacy in Systems;Emerging Technologies & Applications;ML for Systems;Energy-Efficient Computing;Distributed Systems & Cloud Computing","ACM, ACM SIGARCH, ACM SIGOPS, ACM SIGPLAN","https://www.asplos-conference.org/"
"HPCA","IEEE International Symposium on High-Performance Computer Architecture","Arch","Computer Architecture;Programming Languages;Operating Systems","Process;Memory;Storage;Multicore & Multiprocessor Architecture;Interconnection Networks;Network Interface Architecture;Domain-specific Architecture and Accelerators;Near/In-memory Computing;Reliability;Fault Tolerance;Energy Efficiency;Sustainability;Parallel Computing","IEEE","https://www.hpca-conf.org/"
"ISCA","International Symposium on Computer Architecture","Arch","Computer Architecture","Processor;Memory;Storage;Parallelism;Datacenter;IoT;Network Architecture;ML for Arch;Programming Language;Accelerators;Security;Dependable Processor","ACM SIGARCH, IEEE CompSoc","https://www.iscaconf.org"
"MICRO","IEEE/ACM International Symposium on Microarchitecture","Arch","Microarchitecture","Compiler;Chips;Processor;Multicore;Multiprocessor;Parallelism;Memory;Cloud Computing;Datacenter;IoT;Network Architecture;Accelerator;Quantum","IEEE CompSoc, ACM SIGMICRO","https://microarch.org"
"CCS","ACM Conference on Computer and Communications Security","Security","Software Security;Network Security;Applied Cryptography","Web Security;Privacy;Anonymity;Hardware Security;Formal Methods;Programming Language","ACM, ACM SIGSAC","https://www.sigsac.org/ccs/ccs-history.html"
"IEEE S&P","IEEE Symposium on Security and Privacy","Security","Computer Security;Electronic Privacy","Cryptography Protocols;System Security;Network Security;Privacy-Preserving;Software Security;Human Factors in Security;AI for Security;ML for Security;Hardware Security","IEEE, IEEE CompSoc","https://www.ieee-security.org/"
"USENIX Security","USENIX Security Symposium. ","Security","Security;Privacy","System Security;Network Security;Wireless Security;Security Analysis;ML Security;Language Security;Hardware Security;Cryptography Appli.;Social Security","USENIX","https://www.usenix.org/conferences/byname/108"
"NDSS","Network and Distributed System Security Symposium","Security","ML & AI Security;Attack Prevention & Detection;Cloud & Edge Computing Security","Anti-Malware;Mobile & Wireless Network Security;Security for Cyber-Physical Systems;Web Security","Internet Society","https://www.ndss-symposium.org/"
"Asiacrypt","Asiacrypt: International Conference on the Theory and Application of Cryptology and Information Security","Cryptology","Cryptographic Protocols;Post-Quantum Cryptography;Public-Key Cryptography","Symmetric Cryptography;Secure Implementations and Side-Channel Attacks;Lattice-Based Cryptography;Blockchain & Cryptographic Applications;Privacy-Preserving Computation","International Association for Cryptologic Research","https://www.iacr.org/meetings/asiacrypt/"
"Crypto","Crypto: International Cryptology Conference","Cryptology","Foundations of Cryptology;Cryptographic Algorithms & Constructions;Cryptanalysis & Security Evaluation","Homomorphic Encryption;Cryptography for Privacy & Anonymity;Applied Cryptology in Protocols;Quantum-Safe Cryptographic Designs;Advanced Encryption Schemes","International Association for Cryptologic Research","https://www.iacr.org/meetings/crypto/"
"Eurocrypt","Eurocrypt: International Conference on the Theory and Applications of Cryptographic Techniques","Cryptology","Theoretical Cryptography;Secure Multiparty Computation;Cryptographic Protocol Design","Elliptic Curve Cryptography;Post-Quantum and Quantum Cryptography;Authentication & Key Management;Secure Blockchain Protocols;Cryptography for ML","International Association for Cryptologic Research","https://www.iacr.org/meetings/eurocrypt/"
"DAC","Design Automation Conference","EDA","Electronic Design Automation;Chips to Systems","Security;Systems;Low Power Design;Chiplet Integration;Cloud Computing in EDA","ACM, IEEE","https://www.dac.com/"
"ICCAD","IEEE/ACM International Conference on Computer Aided Design","EDA","Electronic Design Automation;Hardware & System Design Optimization","Formal Methods & Verification;Embedded Systems & IoT;Design for Manufacturability & Yield;ML in EDA;Cyber-Physical Systems & Security","IEEE, ACM","https://www.iccad.com"
"EMSOFT","International Conference on Embedded Software","EmbSys","Embedded Software Design;Real-Time Systems;Cyber-Physical Systems","Formal Methods for Embedded Software;Model-based Design;System-Level Design & Optimization;Energy-Efficient Computing;Embedded System Security","ACM SIGBED","https://sigbed.org/"
"CASES","International Conference on Compilers, Architectures, and Synthesis for Embedded Systems","EmbSys","Embedded Systems Design;Compilers & Code Generation;System-Level Synthesis & Optimization","Hardware/Software Co-Design;Real-Time Systems;Low-Power Design;Security in Embedded Systems;Application-specific Arch","ACM, IEEE","https://esweek.org/cases/"
"CODES-ISSS","International Conference on Hardware/Software Codesign and System Synthesis","EmbSys","Embedded Systems Design;Hardware/Software Co-design;Cyber-physical Systems;IoT","System-level Design;Domain/Application-specific Design;System Architecture;Simulation, Test, Validation, & Verification;Embedded Software;Safety, Security, & Reliability;Power-aware Systems;Embedded Machine Learning;Industrial Practices & Case Studies","ACM, IEEE","https://esweek.org/codes-isss/"
"ECRTS","Euromicro Conference on Real-Time Systems","RTS","Real-Time Systems","Embedded/RT Systems Design;Scheduling Design & Analysis;WCET Analysis;Power, Energy and/or Thermal-aware RTS;RT operating Systems & Middleware;Network/System-on-Chips;Mixed Criticality Design & Assurance;Wireless Sensor Networks;RT Applications;Tools & Compilers for Embedded Systems","Euromicro Technical Committee on Real-Time Systems","http://archives.ecrts.org/index4da6.html?id=org"
"RTAS","IEEE Real-Time and Embedded Technology and Applications Symposium","RTS","Time-Sensitive Systems;Real-Time OS;Cyber-Physical Systems","Time-Sensitive Appli.;RT & Embed OS;Hypervisors & Runtime Frameworks;Hardware Arch, Memory Hierarchies;FPGA;GPU;Accelerators;Time-Sensitive Networks;IoT Infrast.;Microservice Technol.;Cloud & Edge Computing;RT AI & ML;Appli. Profiling;WCET Analysis;Compilers;Scheduling & Resource Allocation;System-level Optimization;Co-design Tech.;Design Space Exploration;Verification & Validation","IEEE, IEEE CompSoc, IEEE CompSoc TCRTS","https://www.rtas.org/"
"RTSS","IEEE Real-Time Systems Symposium","RTS","Real-Time Systems;Real-Time Design & Applications","RT OS;RT Networks;RT Middleware;RT Compilers & Tools;RT Scheduling;RT QoS Support;Resource Management;Test & Debug;Design & Verification;RT Modeling;WCET Analysis;Performance Analysis;Fault Tolerance;RT Security;Cyber-Physical Systems;HW-SW Integration;System-level Design;IoT","IEEE, IEEE CompSoc, IEEE CompSoc TCRTS","https://www.rtss.org"
"HPDC","International Symposium on High-Performance Parallel Distributed Computing","HPC","High-Performance Computing;Distributed Systems;Parallel Computing","Cloud Computing;Edge Computing;Resource Management;Fault Tolerance;Performance Optimization","ACM, ACM SIGARCH, IEEE (former)","http://www.hpdc.org/"
"ICS","International Conference on Supercomputing","HPC","High Performance Computing;Parallel & Distributed Computing;Scalable Architectures","Energy-Efficient Computing;Cloud & Edge Computing;Compiler Optimization;Machine Learning for HPC;Computational Science Applications","ACM, ACM SIGARCH","https://www.ics-conference.org/"
"SC","The International Conference for High Performance Computing, Networking, Storage and Analysis","HPC","High Performance Computing;Networking;Storage","Parallel Computing;Cloud Computing;Big Data;Supercomputing;Machine Learning;Scientific Computing","ACM, IEEE","https://supercomputing.org"
"PPoPP","ACM SIGPLAN Symposium on Principles and Practice of Parallel Programming","HPC","Parallel Computing;Concurrency;Performance Optimization","Multicore & Manycore Systems;Compilers & Runtime Systems;Synchronization & Scalability;High-Performance Systems;Parallel Algorithms & Data Structures","ACM SIGPLAN","https://www.sigplan.org/Conferences/PPOPP/"
"IPDPS","IEEE International Parallel and Distributed Processing Symposium","HPC","Parallel Computing;Distributed Computing;High-Performance Computing","Computational Algorithms;Data Science Algorithms;System Software;Programming Models, Compilers & Runtime Systems;Architecture;Measurements, Modeling & Experiments;Applications","IEEE CompSoc TCPP","https://www.ipdps.org/"
"IMC","ACM Internet Measurement Conference","Metrics","Network Measurement;Internet Performance;Data Communications","Network Topology;Traffic Analysis;Routing;Security","ACM SIGCOMM, ACM SIGMETRICS","https://www.sigcomm.org/events/imc"
"SIGMETRICS","ACM SIGMETRICS International Conference on Measurement and Modeling of Computer Systems","Metrics","Performance Evaluation & Modeling;Machine Learning for Systems;Computer Systems and Networks","Cloud & Edge Computing;Security & Privacy in Computing;High-Performance Computing;Optimization & Resource Management;Measurement & Benchmarking","ACM SIGMETRICS","https://www.sigmetrics.org/index.shtml"
"OSDI","USENIX Symposium on Operating Systems Design and Implementation","OS","Operating Systems;Distributed Systems;Systems Design & Implementation","Cloud Computing;Security & Reliability;Virtualization;File & Storage Systems;Networking in Systems","USENIX","https://www.usenix.org/conferences/byname/179"
"SOSP","Symposium on Operating Systems Principles","OS","Operating Systems;Distributed Systems;Cloud Computing","File & Storage Systems;Virtualization;Security & Reliability;Mobile & Edge Systems;Big Data & ML in Systems","ACM SIGOPS","https://www.sosp.org/"
"EuroSys","European Conference on Computer Systems","OS","Operating Systems;Distributed Systems;Cloud Computing","Systems Security & Privary;Virtualization;ML for Systems;Parallelism and Multicore Systems;Embedded & Cyber-Physical Systems","European Chapter of ACM SIGOPS","https://www.eurosys.org/home"
"FAST","USENIX Conference on File and Storage Technologies","OS","Storage Systems;File System Design;Distributed Storage","AI for Storage;Performance and QoS;Reliability & Availability;Security & Privacy;Emerging Memory Technologies","USENIX, ACM SIGOPS","https://www.usenix.org/conferences/byname/146"
"USENIX ATC","USENIX Annual Technical Conference","OS","Computer Systems;Operating Systems;Distributed Systems","Virtualization;Security & Privacy;Performance Evaluation;Reliability & Scalability;Energy & Power Management","USENIX","https://www.usenix.org/conferences/byname/131"
"PLDI","ACM SIGPLAN Conference on Programming Language Design and Implementation","PL","Compiler Optimization;Programming Language Design;Software Performance Analysis","Static & Dynamic Analysis;Parallel & Concurrent Programming;Just-in-Time Compilation;Memory Management;Formal Methods in PL Design","ACM SIGPLAN","https://www.sigplan.org/Conferences/PLDI/"
"POPL","ACM SIGPLAN Symposium on Principles of Programming Languages","PL","Programming Languages;Programming Systems;Formal Methods & Theory","Language Design;Program Semantics;Implementation Techniques;Type Systems;Program Verification & Analysis","ACM SISGPLAN (main), and SIGACT and SIGLOG","https://www.sigplan.org/Conferences/POPL/"
"ECOOP","European Conference on Object-Oriented Programming","PL","Programming Languages;Empirical Evaluation;Object-Oriented Programming","Language Design & Implementation;Software Engineering;Replication Studies;Tooling & Envionrments;Programming Paradigms","<a href='https://sites.google.com/aito.org/home' target='_blank'>AITO</a>","https://sites.google.com/aito.org/home/ecoop"
"ICFP","ACM SIGPLAN International Conference on Functional Programming","PL","Functional Programming;Programming Languages;Type Systems","Program Semantics;Compilition & Optimization;Program Verification;Concurrency & Parallelism;Program Analysis & Transformation","ACM, ACM SIGPLAN, IFIP","https://www.icfpconference.org/"
"OOPSLA","ACM SIGPLAN International Conference on Object-Oriented Programming, Systems, Languages, and Applications","PL","Programming Lnaguages;Object-Oriented Programming;Software Engineering","Type Systems;Language Design & Implementation;Program Analysis;Runtime Systems;Software Architecture","ACM SIGPLAN","https://www.sigplan.org/Conferences/OOPSLA/"
"ASE","ACM/IEEE International Conference on Automated Software Engineering","Software","Automation in Software Engineering;AI-driven Software Engineering;Software Analysis","Model-driven Engineering;Program Analysis & Synthesis;DevOps & Release Engineering;Maintenance & Evolution;Formal Methods","ACM, IEEE CompSoc","https://ase-conferences.org/"
"ICSE","International Conference on Software Engineering","Software","Software Engineering;AI for SE;Software Testing & Analysis","Software Architecture & Design;Software Evolution & Maintenance;Empirical Software Engineering;Software Metrics & Analytics;Human & Social Aspects of Software Development","ACM, IEEE","https://www.icse-conferences.org/"
"FSE","ACM International Conference on the Foundations of Software Engineering","Software","Software Engineering;Program Analysis & Testing;AI/ML for Software Engineering","Empirical Software Engineering;Software Security & Reliability;Human & Social Aspects;Model-Driven & Program Synthesis;Software Evolution & Maintenance","ACM, ACM SIGSOFT","https://www.esec-fse.org/index"
"ISSTA","ACM SIGSOFT International Symposium on Software Testing and Analysis","Software","Software Testing;Program Analysis;Software Reliability","Automated Testing;Static & Dynamic Analysis;Debugging & Fault Localization;Test Generation & Coverage;Software Verification & Validation","ACM","https://www.issta.org/"
"FOCS","IEEE Annual Symposium on Foundations of Computer Science","Theory","Theory of Computation;Algorithms;Computational Complexity","Cryptography;ML Theory;Quantum Computing;Optimization;Derandomization & Pseudorandomness","IEEE, IEEE CompSoc","https://ieee-focs.org/"
"SODA","ACM-SIAM Symposium on Discrete Algorithms","Theory","Algorithms;Discrete Mathematics;Theoretical CS","Combinatorics;Graph Theory;Optimization;Data Structures;Approx. Algorithms","SIAM, ACM","https://dblp.uni-trier.de/db/conf/soda/index.html"
"STOC","ACM Symposium on Theory of Computing","Theory","Algorithms;Computational Complexity;Cryptography","Randomized Algorithms;Quantum Computing;Data Structures;ML Theory;Combinatorics","ACM, ACM SIGACT","https://acm-stoc.org/"
"ICALP","International Colloquium on Automata, Languages and Programming","Theory","Algorithms and Complexity;Automata and Logic;Theoretical CS","Computational Learning Theory;Cryptograph and Security;Game Theory;Programming Language & Semantics;Distributed & Parallel Computing","EATCS","https://eatcs.org/index.php/international-colloquium"
"CCC","Computational Complexity Conference","Theory","Computational Complexity Theory;Resource-Bounded Computation;Computational Methods","Proof Complexity;Inapproximability;Interactive Proof Systems;Descriptive Complexity;Complexity-theoretic Cryptography","Computational Complexity Foundation (CCF), in cooperation with the EATCS, ACM, SIGACT","https://computationalcomplexity.org/"
"CAV","International Conference on Computer-Aided Verification","FMV","Formal Verification;Model Checking;Automated Reasoning","Program Analysis & Software Verification;Synthesis;SAT/SMT Solving;Decision Procedures;Cyber-Physical & Embedded Systems;Formal Methods for AI & Security","CAV Steering Committee","https://i-cav.org/"
"LICS","ACM/IEEE Symposium on Logic in Computer Science","FMV","Logic in Computer Science;Formal Methods & Verification;Programming Languages & Type Theory","Automata Theory;Model Checking & Decision Procedures;Proof Theory & Automated Deduction;Concurrency & Process Calculi;Knowledge Representation & Description Logics","ACM SIGLOG, IEEE CompSoc","https://lics.siglog.org/"
"TACAS","International Conference on Tools and Algorithms for the Construction and Analysis of Systems","FMV","Formal Methods;Model Checking;Verification Tools","Static Analysis;Program Verification;Theorem Proving;Runtime Verification;Software Model Checking","TACAS Steering Committee","https://tacas.info/index.php"
"FM","International Symposium on Formal Methods","FMV","Formal Verification;Model Checking;Theorem Proving","Specification Languages;SMT/SAT Solving;Runtime Verification;Abstract Interpretation;Safety-Critical & Cyber-Physical Systems","Formal Methods Europe","https://www.fmeurope.org/symposia/"
"SIGGRAPH","ACM SIGGRAPH Conference (International Conference on Computer Graphics and Interactive Techniques)","Graphics","Computer Graphics;Interactive Techniques;Visualization","Virtual Reality;Augmented Reality;Computer Vision;Animation;Rendering;HCI","ACM SIGGRAPH","https://www.siggraph.org/siggraph-events/conferences/"
"SIGGRAPH Asia","ACM SIGGRAPH Conference and Exhibition on Computer Graphics and Interactive Techniques in Asia","Graphics","Computer Graphics;Interactive Techniques;Visualization","Virtual Reality;Augmented Reality;Simulation;Digital Art & Animation;AI & ML in Graphics","ACM SIGGRAPH","https://asia.siggraph.org/"
"Eurographics","Annual Conference of the European Association for Computer Graphics","Graphics","Computer Graphics;Visualization;Rendering & Geometric Processing","Animation & VR;Computer Games","European Association for Computer Graphics","https://www.eg.org/wp/"
"ICRA","IEEE International Conference on Robotics and Automation","Robotics","Autonomous Systems & Agents;Computer Vision for Robotics;Human-Robot Interaction","Autonomy for Mobility & Manipulation;Cognitive Robotics;Field Robotics;Human-Centered Robotics & Automation;Humanoids & Animaloids;Localization & Mapping;Logistics;Manipulation and Grasping;Manufacturing, Process & Service Automation;Dual Arm Manipulation;Mechanisms, Design, and Controal;Failure Detection & Recovery;Medical & Rehabilitation;Micro, Nano, & Biomimetic Systems;Multiple & Distributed Systems;Planning & Simulation;Theoretical Foundations;Vision & Sensor-Based Control;Omnidirectional Vision;Sensor Fusion;Visual Tracking;Visual Perception & Learning","IEEE RAS","https://www.ieee-ras.org/conferences-workshops/fully-sponsored/icra"
"IROS","IEEE/RSJ International Conference on Intelligent Robots and Systems","Robotics","Autonomous Robots;Autonomous Systems;Robot Perception & Sensing;Control, Planning & Motion","Human-Robot Interaction;Soft/bio-inspired Robotics;Multi-Robot;Distributed Systems;ML & AI in Robotics;Agriculture/Field/Mobile Outdoor Robots","IEEE RAS, Robotics Society of Japan","https://www.ieee-ras.org/conferences-workshops/financially-co-sponsored/iros"
"RSS","Robotics: Science and Systems","Robotics","Robot Learning;Motion Planning & Control;Perception & Sensing","Mapping & Localization;Manipulation & Grasping;Multi-robot Systems;Sim-to-real Transfer;Domain Adaptation","RSS Foundation","https://roboticsconference.org/"
"VIS","IEEE Visualization Conference","VIS","Information Visualization;Scientific Visualization;Visual Analytics","Human-Computer Interaction;Immersive Analytics;AR;VR;ML for Visualization;Data Storytelling;Narrative Visualization;Network Visualization","IEEE, IEEE CompSoc","https://ieeevis.org/"
"VR","IEEE Conference on Virtual Reality and 3D User Interfaces","VIS","Virtual Reality;3D User Interfaces;Mixed Reality;Augmented Reality","Immersive Environments;HCI;Visualization;Interaction Techniques","IEEE, IEEE CompSoc","https://ieeevr.org/"
"EuroVis","Eurographics Conference on Visualization","VIS","Visual Analytics;Information Visualization;Scientific Visualization","Interactive Visualization;Visual Encoding & Interaction;Large-Scale Visualization;Evaluation & Empirical Studies;Domain-Specific Visualization","Eurographics Association","https://www.eurovis.org/"
"SIGSPATIAL","ACM SIGSPATIAL International Conference on Advances in Geographic Information Systems","DB","Geospatial Data Management;Spatial Databases & Spatial Computing;GIS and Location-Based Services","Spatial Data Mining;Spatial Analytics;Geospatial AI;ML for GIS;Spatiotemporal Data & Trajectories;Mapping & Visualization;Urban Computing;Mobility Analysis","ACM, ACM SIGSPATIAL","https://www.sigspatial.org/past-conferences/"
"ISMB","Intelligent Systems for Molecular Biology","Interdisc","Bioinformatics;Computational Biology;Molecular Biology","Genomics & Transcriptomics;Protein Structure, Function & Interaction;Systems Biology;ML & AI for Biology;Single-cell & Multi-omics Analysis","International Society for Computational Biology (ISCB)","https://www.iscb.org/about-iscb"
"RECOMB","Annual International Conference on Research in Computational Molecular Biology","Interdisc","Computational Molecular Biology;Aglorithmic Genomics;Theoretical Bioinformatics","Sequence Analysis & Alignment;Genome Assembly & Variant Calling;Phylogenetics & Evolutionary Modeling;Structural Bioinformatics;Protein Modeling;Single-cell & Transcriptomic Data Analysis","RECOMB Steering Committee","https://recomb.org/"
